{
	"co-occurrences": {
		"AcidJazz": {
			"Jazz": 1.0, 
		},
		"AcousticBlues": {
			"Blues": 1.0, 
		},
		"AdultAlternative": {
			"Pop": 1.0, 
		},
		"AdultContemporary": {
			"Pop": 1.0, 
		},
		"Album-OrientedRock(AOR)": {
			"ClassicRock": 1.0, 
		},
		"AltIndustrial": {
			"Industrial": 0.333333333333, "Goth&Industrial": 0.333333333333, "AlternativeRock": 0.333333333333, 
		},
		"AlternativeMetal": {
			"Metal": 1.0, 
		},
		"AlternativeRock": {
			"Indie&Lo-Fi": 0.293467165703, "IndieRock": 0.246682545083, "Hardcore&Punk": 0.103266417149, "NewWave&Post-Punk": 0.048656005444, "NewWave": 0.0472949982987, "AmericanAlternative": 0.0415107179313, "Punk": 0.0280707723716, "Emo": 0.0238176250425, "Goth&Industrial": 0.0188839741409, "Hardcore": 0.0178632187819, "BritishAlternative": 0.0168424634229, "Goth": 0.0151412044913, "ElectronicPop": 0.0139503232392, "DreamPop": 0.0129295678802, "ChamberPop": 0.0127594419871, "Britpop": 0.0115685607349, "Singer-Songwriters": 0.0108880571623, "PostHardcore": 0.00527390268799, "GaragePunk": 0.00476352500851, "AmbientPop": 0.00442327322218, "BritishPunk": 0.0039128955427, "Industrial": 0.0030622660769, "Punk-Pop": 0.00272201429058, "AmericanPunk": 0.00204151071793, "Ska": 0.00187138482477, "ProtoPunk": 0.00187138482477, "AltIndustrial": 0.00170125893161, "JanglePop": 0.00119088125213, "UrbanFolk": 0.000850629465805, "Krautrock": 0.000680503572644, "MathRock": 0.000510377679483, "PunkRevival": 0.000340251786322, "Lo-Fi": 0.000340251786322, "IndustrialDance": 0.000340251786322, "DigitalMusic": 0.000340251786322, "ThirdWaveSka": 0.000170125893161, 
		},
		"Ambient": {
			"Dance&Electronic": 1.0, 
		},
		"AmbientPop": {
			"Indie&Lo-Fi": 0.5, "AlternativeRock": 0.5, 
		},
		"AmericanAlternative": {
			"AlternativeRock": 1.0, 
		},
		"AmericanPunk": {
			"Hardcore&Punk": 0.5, "AlternativeRock": 0.5, 
		},
		"Americana": {
			"Country": 1.0, 
		},
		"ArenaRock": {
			"ClassicRock": 1.0, 
		},
		"Arts": {
			"Sewing": 0.4, "Crafts&Sewing": 0.4, "Trim&Embellishments": 0.2, 
		},
		"AvantGarde&FreeJazz": {
			"Jazz": 1.0, 
		},
		"BabyProducts": {
			"Walkers": 0.5, "Gear": 0.5, 
		},
		"Bachata": {
			"LatinMusic": 1.0, 
		},
		"Ballets&Dances": {
			"Classical": 0.5, "Polkas": 0.333333333333, "Tangos": 0.0833333333333, "Dances": 0.0833333333333, 
		},
		"BaroquePop": {
			"Pop": 0.5, "Oldies": 0.5, 
		},
		"Bath&Body": {
			"Cleansers": 0.333333333333, "BodyWashes": 0.333333333333, "Beauty": 0.333333333333, 
		},
		"Beauty": {
			"Tools&Accessories": 0.125, "Makeup": 0.125, "Fragrance": 0.125, "Face": 0.125, "Cleansers": 0.125, "BodyWashes": 0.125, "Blush": 0.125, "Bath&Body": 0.125, 
		},
		"Bebop": {
			"Jazz": 1.0, 
		},
		"BigBeat": {
			"Dance&Electronic": 1.0, 
		},
		"Bluegrass": {
			"Country": 1.0, 
		},
		"Blues": {
			"Blues": 0.646408839779, "ContemporaryBlues": 0.152486187845, "ElectricBlues": 0.0828729281768, "AcousticBlues": 0.0541436464088, "RegionalBlues": 0.017679558011, "DeltaBlues": 0.0121546961326, "VocalBlues": 0.0110497237569, "PianoBlues": 0.00773480662983, "TraditionalBlues": 0.00441988950276, "JumpBlues": 0.00441988950276, "NewOrleansBlues": 0.00220994475138, "WestCoastBlues": 0.00110497237569, "TexasBlues": 0.00110497237569, "SlideGuitar": 0.00110497237569, "EastCoastBlues": 0.00110497237569, 
		},
		"Blush": {
			"Makeup": 0.333333333333, "Face": 0.333333333333, "Beauty": 0.333333333333, 
		},
		"BodyWashes": {
			"Cleansers": 0.333333333333, "Beauty": 0.333333333333, "Bath&Body": 0.333333333333, 
		},
		"BrazilianJazz": {
			"Jazz": 1.0, 
		},
		"British&CelticFolk": {
			"Folk": 0.5, "BritishFolk": 0.225, "IrishFolk": 0.125, "CelticFolk": 0.125, "ScottishFolk": 0.025, 
		},
		"BritishAlternative": {
			"AlternativeRock": 0.592814371257, "Britpop": 0.407185628743, 
		},
		"BritishFolk": {
			"Folk": 0.5, "British&CelticFolk": 0.5, 
		},
		"BritishInvasion": {
			"ClassicRock": 1.0, 
		},
		"BritishPunk": {
			"Hardcore&Punk": 0.5, "AlternativeRock": 0.5, 
		},
		"Britpop": {
			"BritishAlternative": 0.5, "AlternativeRock": 0.5, 
		},
		"Broadway&Vocalists": {
			"TraditionalVocalPop": 0.644444444444, "Musicals": 0.133333333333, "ClassicVocalists": 0.133333333333, "Cabaret": 0.0888888888889, 
		},
		"Bubblegum": {
			"Pop": 0.5, "Oldies": 0.5, 
		},
		"Cabaret": {
			"Broadway&Vocalists": 1.0, 
		},
		"CelticFolk": {
			"Folk": 0.5, "British&CelticFolk": 0.5, 
		},
		"CelticNewAge": {
			"NewAge": 1.0, 
		},
		"ChamberMusic": {
			"Classical": 1.0, 
		},
		"ChamberPop": {
			"Indie&Lo-Fi": 0.5, "AlternativeRock": 0.5, 
		},
		"ChildrensMusic": {
			"Stories": 0.333333333333, "Lullabies": 0.333333333333, "Disney": 0.333333333333, 
		},
		"Christian": {
			"Country&Bluegrass": 0.414634146341, "Pop&Contemporary": 0.30487804878, "HardRock&Metal": 0.121951219512, "Christian": 0.109756097561, "Rap&Hip-Hop": 0.0365853658537, "Rock&Alternative": 0.0121951219512, 
		},
		"Christmas": {
			"Holiday&Wedding": 1.0, 
		},
		"ClassicCountry": {
			"Country": 0.904109589041, "NashvilleSound": 0.0821917808219, "Old-TimeCountry": 0.013698630137, 
		},
		"ClassicR&B": {
			"R&B": 1.0, 
		},
		"ClassicRock": {
			"Album-OrientedRock(AOR)": 0.666666666667, "SouthernRock": 0.133744855967, "PsychedelicRock": 0.0946502057613, "Glam": 0.0411522633745, "ArenaRock": 0.0411522633745, "BritishInvasion": 0.0205761316872, "DigitalMusic": 0.00205761316872, 
		},
		"ClassicVocalists": {
			"Broadway&Vocalists": 1.0, 
		},
		"Classical": {
			"Classical": 0.621621621622, "Ballets&Dances": 0.162162162162, "Polkas": 0.108108108108, "ChamberMusic": 0.0540540540541, "Tangos": 0.027027027027, "Dances": 0.027027027027, 
		},
		"Cleansers": {
			"BodyWashes": 0.333333333333, "Beauty": 0.333333333333, "Bath&Body": 0.333333333333, 
		},
		"ComedicMusic": {
			"Comedy&SpokenWord": 1.0, 
		},
		"Comedy&SpokenWord": {
			"SpokenWord": 0.416666666667, "Poetry": 0.375, "CountryComedy": 0.0833333333333, "ComedicMusic": 0.0833333333333, "Interviews": 0.0416666666667, 
		},
		"ContemporaryBlues": {
			"Blues": 1.0, 
		},
		"ContemporaryFolk": {
			"Folk": 1.0, 
		},
		"CoolJazz": {
			"Jazz": 1.0, 
		},
		"Country": {
			"Bluegrass": 0.278538812785, "Americana": 0.166666666667, "ClassicCountry": 0.150684931507, "Country": 0.148401826484, "TodaysCountry": 0.130136986301, "Neotraditional": 0.041095890411, "OutlawCountry": 0.0296803652968, "Cowboy": 0.027397260274, "NashvilleSound": 0.013698630137, "WesternSwing": 0.00684931506849, "RoadhouseCountry": 0.00456621004566, "Old-TimeCountry": 0.00228310502283, 
		},
		"Country&Bluegrass": {
			"Christian": 1.0, 
		},
		"CountryComedy": {
			"Comedy&SpokenWord": 1.0, 
		},
		"CountryRock": {
			"Rock": 1.0, 
		},
		"Cowboy": {
			"Country": 1.0, 
		},
		"Crafts&Sewing": {
			"Sewing": 0.4, "Arts": 0.4, "Trim&Embellishments": 0.2, 
		},
		"Cumbia": {
			"LatinMusic": 1.0, 
		},
		"Dance&Electronic": {
			"House": 0.339877300613, "Electronica": 0.247852760736, "Disco": 0.0920245398773, "Trance": 0.0687116564417, "Drum&Bass": 0.0613496932515, "Ambient": 0.0478527607362, "Trip-Hop": 0.038036809816, "Techno": 0.0368098159509, "BigBeat": 0.0294478527607, "WorldDance": 0.0208588957055, "DigitalMusic": 0.00613496932515, "Freestyle": 0.00490797546012, "IDM": 0.00245398773006, "Dubstep": 0.00245398773006, "Turntablists": 0.00122699386503, 
		},
		"DancePop": {
			"Pop": 1.0, 
		},
		"Dances": {
			"Classical": 0.5, "Ballets&Dances": 0.5, 
		},
		"DeathMetal": {
			"Metal": 1.0, 
		},
		"DeltaBlues": {
			"RegionalBlues": 0.5, "Blues": 0.5, 
		},
		"DigitalMusic": {
			"Soul": 0.258064516129, "R&B": 0.258064516129, "Dance&Electronic": 0.161290322581, "House": 0.0967741935484, "Indie&Lo-Fi": 0.0645161290323, "AlternativeRock": 0.0645161290323, "Trip-Hop": 0.0322580645161, "Techno": 0.0322580645161,